Workbook

Sheet 使用说明
A1: 唐长安城大事记候选事件与主题覆盖矩阵
A3: 项目 | B3: 说明
A4: 用途 | B4: 检查30—50条最终时间轴是否覆盖重要历史阶段、城市系统和居民生活主题。
A5: 核心原则 | B5: event_type是唯一主类型；coverage_theme允许一条事件关联多个主题。
A6: 候选≠事实 | B6: “核心候选/补充候选/背景候选”均须完成核年和证据审核后才能录入正式大事记表。
A7: 当前基线 | B7: 已审核通过25条正式事件；新增“正式事件映射”、“正式覆盖矩阵”和“专题优先级”作为下一批核证依据。
A8: 使用方法 | B8: 先查看“正式覆盖矩阵”的空白和低覆盖，再按“专题优先级”开展专题检索；候选池仅作历史记录。
A9: 收录边界 | B9: 全国性政治或制度事件必须证明对长安空间、运行或居民生活有直接影响，否则仅作背景。
A10: 版本日期 | B10: 2026-08-22
A12: 评估维度 | B12: 0分 | C12: 1分 | D12: 2分 | E12: 说明 | F12: 建议
A13: 历史重要性 | B13: 局部 | C13: 阶段性 | D13: 时代转折 | E13: 是否改变历史进程
A14: 长安影响 | B14: 间接 | C14: 明显 | D14: 结构性 | E14: 都城地位、城市面貌或运行
A15: 空间关联 | B15: 无 | C15: 可关联 | D15: 明确定位 | E15: 城门、宫城、坊市、水渠等
A16: 居民影响 | B16: 无 | C16: 局部 | D16: 广泛 | E16: 交通、供水、商业、宗教、治安、迁徙
A17: 证据成熟度 | B17: 待找 | C17: 单一来源 | D17: 多源互证 | E17: 正式收录前至少一条可靠证据 | F17: 总分高者优先，不机械按分数收录

Sheet 候选事件池
A1: 候选事件池（正式录入前的筛选与核证清单）
A3: candidate_key | B3: date_display | C3: event_name | D3: stage_code | E3: event_type | F3: coverage_theme_codes | G3: candidate_status | H3: priority | I3: evidence_status | J3: source_strategy | K3: review_note | L3: next_action
A4: TC-TIMELINE-0001 | B4: 582—583 | C4: 营建大兴城并迁入新都 | D4: S1 | E4: CITY_FOUNDING | F4: T1;T2;T3;T4;T5;T6 | G4: 已收录 | H4: 核心 | I4: 已核验 | J4: 《隋书》；现代通史；考古复原 | K4: 建城、命名与入居合并为连续事件 | L4: 无需重复录入
A5: CAND-0001 | B5: 584前后 | C5: 开凿广通渠并改善都城漕运 | D5: S1 | E5: TRANSPORT | F5: T4;T5;T6;T8 | G5: 已收录 | H5: 高 | I5: 已核验 | J5: 《隋书·食货志》；水利考古研究 | K5: 核查渠线、起讫点及对大兴城供给的作用 | L5: 已转正式事件 TC-TIMELINE-0015
A6: CAND-0002 | B6: 583年（龙首渠、永安渠）；清明渠为开皇初 | C6: 龙首渠、永安渠和清明渠构成都城主要引水系统 | D6: S1 | E6: URBAN_CONSTRUCTION | F6: T2;T5;T8 | G6: 已收录 | H6: 高 | I6: 已核验 | J6: 《唐两京城坊考》卷四“龙首渠”“永安渠”“清明渠”；后续补《长安志》与考古资料 | K6: 龙首渠、永安渠明确为开皇三年；清明渠仅定开皇初。作为新都基础供水骨架单列，但不把三渠强定同年。 | L6: 已转正式事件 TC-TIMELINE-0027
A7: CAND-0003 | B7: 605 | C7: 营建东都洛阳，影响大兴城政治地位 | D7: S2 | E7: CAPITAL_STATUS | F7: T1;T3 | G7: 排除 | H7: 中 | I7: 已核验 | J7: 《隋书·炀帝纪》；《资治通鉴》 | K7: 营建东都属于全国都城格局背景，缺少605年对长安城市空间或居民生活的独立直接影响。 | L7: 不录入
A8: TC-TIMELINE-0002 | B8: 617—618 | C8: 李渊攻占长安并建立唐朝 | D8: S2 | E8: CITY_FOUNDING | F8: T1;T3;T9 | G8: 已收录 | H8: 核心 | I8: 已核验 | J8: 《旧唐书》《新唐书》《资治通鉴》 | K8: 跨隋唐的都城身份转换 | L8: 无需重复录入
A9: CAND-0004 | B9: 618前后 | C9: 大兴城改称长安 | D9: S3 | E9: CAPITAL_STATUS | F9: T1;T2 | G9: 排除 | H9: 高 | I9: 证据冲突 | J9: 唐代地理志；两唐书；城市史研究 | K9: 改称长安的正式年份缺乏一致原始记载，不能把唐朝建立自动等同于城市改名事件。 | L9: 不录入；保留名称沿革专题
A10: TC-TIMELINE-0003 | B10: 626 | C10: 玄武门之变 | D10: S3 | E10: POLITICAL_CHANGE | F10: T3;T4 | G10: 已收录 | H10: 核心 | I10: 已核验 | J10: 《旧唐书》《新唐书》《资治通鉴》 | K10: 关联太极宫玄武门 | L10: 无需重复录入
A11: CAND-0005 | B11: 634—635 | C11: 永安宫始建并改名大明宫 | D11: S3 | E11: URBAN_CONSTRUCTION | F11: T2;T3 | G11: 已合并 | H11: 中 | I11: 已核验 | J11: 《唐两京城坊考》卷一“大明宫”；两唐书地理志；后续补考古报告 | K11: 634—635年永安宫始建是662年大明宫扩建并成为政治中心的前史。 | L11: 并入 TC-TIMELINE-0012 说明
A12: CAND-0006 | B12: 648—652 | C12: 大慈恩寺建立及大雁塔初建 | D12: S3 | E12: URBAN_CONSTRUCTION | F12: T2;T7;T8 | G12: 已收录 | H12: 高 | I12: 已核验 | J12: 《唐两京城坊考》卷三“晋昌坊”；《旧唐书·玄奘传》；后续补塔铭与考古资料 | K12: 648年十二月建寺，652年玄奘建塔；属于同一寺院—译经—塔建筑空间链，可暂合并为跨年事件。 | L12: 已转正式事件 TC-TIMELINE-0011
A13: CAND-0007 | B13: 656 | C13: 西明寺建立 | D13: S3 | E13: URBAN_CONSTRUCTION | F13: T2;T7;T8 | G13: 已收录 | H13: 中 | I13: 已核验 | J13: 《唐两京城坊考》卷四“延康坊”；后续补两唐书与寺院研究 | K13: 显庆元年建寺年份明确，且能补充国家寺院类型。 | L13: 已转正式事件 TC-TIMELINE-0028
A14: CAND-0008 | B14: 662年以后 | C14: 大明宫扩建并成为主要政治中心 | D14: S3 | E14: URBAN_CONSTRUCTION | F14: T1;T2;T3;T4 | G14: 已收录 | H14: 高 | I14: 已核验 | J14: 《旧唐书·地理志》；《唐两京城坊考》卷一“大明宫”；后续补高宗本纪与考古报告 | K14: 龙朔二年置/大修并改名蓬莱宫；《旧唐书》明确称高宗以后天子常居东内。比634年始建更适合作为主时间轴节点。 | L14: 已转正式事件 TC-TIMELINE-0012
... A45: TC-TIMELINE-0010 | B45: 907 | C45: 唐朝灭亡 | D45: S8 | E45: POLITICAL_CHANGE | F45: T1;T10 | G45: 已收录 | H45: 核心 | I45: 已核验 | J45: 《资治通鉴》；两唐书 | K45: 长安全国性首都时代终结 | L45: 无需重复录入

Sheet 主题覆盖矩阵
A1: 历史阶段 × 主题覆盖矩阵（统计快照；候选不等于正式收录）
A3: 阶段 | B3: 都城地位 | C3: 城市规划与营建 | D3: 宫城与政治空间 | E3: 道路城门与交通 | F3: 水利与供给 | G3: 坊市与商业 | H3: 宗教空间 | I3: 居民生活与社会制度 | J3: 战争灾害与城市安全 | K3: 衰落、破坏与人口迁移 | L3: 阶段合计
A4: S1 隋初建城（581—604） | B4: 1 | C4: 2 | D4: 1 | E4: 2 | F4: 3 | G4: 2 | H4: 0 | I4: 2 | J4: 0 | K4: 0 | L4: 13
A5: S2 隋炀帝及隋末（605—617） | B5: 2 | C5: 0 | D5: 2 | E5: 0 | F5: 0 | G5: 0 | H5: 0 | I5: 0 | J5: 1 | K5: 0 | L5: 5
A6: S3 初唐（618—712） | B6: 4 | C6: 6 | D6: 6 | E6: 3 | F6: 0 | G6: 0 | H6: 3 | I6: 2 | J6: 0 | K6: 0 | L6: 24
A7: S4 盛唐（713—755） | B7: 1 | C7: 2 | D7: 2 | E7: 3 | F7: 0 | G7: 3 | H7: 1 | I7: 4 | J7: 0 | K7: 0 | L7: 16
A8: S5 安史之乱及恢复（756—779） | B8: 4 | C8: 0 | D8: 4 | E8: 3 | F8: 0 | G8: 2 | H8: 0 | I8: 5 | J8: 5 | K8: 2 | L8: 25
A9: S6 中唐（780—835） | B9: 2 | C9: 0 | D9: 3 | E9: 4 | F9: 0 | G9: 3 | H9: 0 | I9: 6 | J9: 3 | K9: 0 | L9: 21
A10: S7 晚唐（836—879） | B10: 0 | C10: 1 | D10: 0 | E10: 0 | F10: 2 | G10: 1 | H10: 1 | I10: 3 | J10: 1 | K10: 1 | L10: 10
A11: S8 唐末与都城终结（880—907） | B11: 8 | C11: 1 | D11: 5 | E11: 6 | F11: 0 | G11: 2 | H11: 0 | I11: 7 | J11: 6 | K11: 4 | L11: 39
A12: 主题总计 | B12: 22 | C12: 12 | D12: 23 | E12: 21 | F12: 5 | G12: 13 | H12: 5 | I12: 29 | J12: 16 | K12: 7 | L12: 153
A14: 判读规则 | B14: 条件 | C14: 含义 | D14: 处理
A15: 空白 | B15: 0 | C15: 主题/阶段缺口 | D15: 必须专题检索
A16: 低覆盖 | B16: 1 | C16: 仅一个节点 | D16: 检查是否遗漏或过度合并
A17: 适中 | B17: 2—4 | C17: 已有代表节点 | D17: 继续核证质量
A18: 高覆盖 | B18: ≥5 | C18: 可能事件过密 | D18: 检查是否偏科或可合并
A19: 注意 | B19: 候选也计数 | C19: 不代表已正式覆盖 | D19: 最终版须另看已收录矩阵
A20: 更新方式 | B20: 由候选池生成 | C20: 当前为2026-08-22统计快照 | D20: 候选池变更后重新生成矩阵

Sheet 类型与主题映射
A1: 合法 event_type 与覆盖主题的关系
A3: event_type | B3: 中文名称 | C3: 常见主题代码 | D3: 说明 | F3: 主题代码 | G3: 主题名称 | H3: 使用边界
A4: CITY_FOUNDING | B4: 建城与定都 | C4: T1;T2 | D4: 主类型只能选一个；主题可多选，不能把组合主题写回event_type。 | F4: T1 | G4: 都城地位 | H4: 用于项目级覆盖检查，不替代事件类型。
A5: URBAN_CONSTRUCTION | B5: 城市建设 | C5: T2;T3;T4;T5;T6;T7 | D5: 主类型只能选一个；主题可多选，不能把组合主题写回event_type。 | F5: T2 | G5: 城市规划与营建 | H5: 用于项目级覆盖检查，不替代事件类型。
A6: POLITICAL_CHANGE | B6: 政治变局 | C6: T1;T3;T8 | D6: 主类型只能选一个；主题可多选，不能把组合主题写回event_type。 | F6: T3 | G6: 宫城与政治空间 | H6: 用于项目级覆盖检查，不替代事件类型。
A7: WAR | B7: 战争与动乱 | C7: T1;T3;T4;T8;T9;T10 | D7: 主类型只能选一个；主题可多选，不能把组合主题写回event_type。 | F7: T4 | G7: 道路城门与交通 | H7: 用于项目级覆盖检查，不替代事件类型。
A8: DISASTER | B8: 灾害 | C8: T5;T8;T9;T10 | D8: 主类型只能选一个；主题可多选，不能把组合主题写回event_type。 | F8: T5 | G8: 水利与供给 | H8: 用于项目级覆盖检查，不替代事件类型。
A9: TRANSPORT | B9: 交通与交流 | C9: T4;T6;T8 | D9: 主类型只能选一个；主题可多选，不能把组合主题写回event_type。 | F9: T6 | G9: 坊市与商业 | H9: 用于项目级覆盖检查，不替代事件类型。
A10: SOCIAL_POLICY | B10: 制度与社会 | C10: T5;T6;T7;T8 | D10: 主类型只能选一个；主题可多选，不能把组合主题写回event_type。 | F10: T7 | G10: 宗教空间 | H10: 用于项目级覆盖检查，不替代事件类型。
A11: CAPITAL_STATUS | B11: 都城地位变化 | C11: T1;T3;T10 | D11: 主类型只能选一个；主题可多选，不能把组合主题写回event_type。 | F11: T8 | G11: 居民生活与社会制度 | H11: 用于项目级覆盖检查，不替代事件类型。
F12: T9 | G12: 战争灾害与城市安全 | H12: 用于项目级覆盖检查，不替代事件类型。
F13: T10 | G13: 衰落、破坏与人口迁移 | H13: 用于项目级覆盖检查，不替代事件类型。
F16: 阶段代码 | G16: 阶段名称 | H16: 年份范围
F17: S1 | G17: 隋初建城 | H17: 581—604
F18: S2 | G18: 隋炀帝及隋末 | H18: 605—617
F19: S3 | G19: 初唐 | H19: 618—712
F20: S4 | G20: 盛唐 | H20: 713—755
F21: S5 | G21: 安史之乱及恢复 | H21: 756—779
F22: S6 | G22: 中唐 | H22: 780—835
F23: S7 | G23: 晚唐 | H23: 836—879
F24: S8 | G24: 唐末与都城终结 | H24: 880—907

Sheet 核证日志
A1: 候选事件核证日志（不等于正式大事记）
A3: candidate_key | B3: 核证结论 | C3: 日期处理 | D3: 主要依据 | E3: 空间意义 | F3: 遗留任务 | G3: 是否可直接正式录入 | H3: 核证日期
A4: CAND-0002 | B4: 初步成立 | C4: 龙首渠、永安渠定为583；清明渠仅定开皇初 | D4: 《唐两京城坊考》卷四水渠条 | E4: 形成宫城、皇城、坊市供水骨架 | F4: 补一手文献和考古资料 | G4: 否 | H4: 2026-08-22
A5: CAND-0005 | B5: 成立但宜作前史 | C5: 634始置永安宫，635改大明宫 | D5: 《唐两京城坊考》卷一；两唐书地理志 | E5: 大明宫空间起点 | F5: 与662事件比较取舍 | G5: 否 | H5: 2026-08-22
A6: CAND-0006 | B6: 初步成立 | C6: 648建寺、652建塔 | D6: 《唐两京城坊考》卷三；《旧唐书·玄奘传》 | E6: 国家寺院、译经和塔建筑节点 | F6: 补塔铭与考古证据 | G6: 否 | H6: 2026-08-22
A7: CAND-0007 | B7: 成立并纠年 | C7: 658改为656 | D7: 《唐两京城坊考》卷四延康坊 | E7: 国家寺院与坊内宗教空间 | F7: 补正史原文并评估总量 | G7: 否 | H7: 2026-08-22
A8: CAND-0008 | B8: 核心节点初步成立 | C8: 662年以后 | D8: 《旧唐书·地理志》；《唐两京城坊考》卷一 | E8: 政治中心由太极宫转向大明宫 | F8: 补高宗本纪与考古报告 | G8: 否 | H8: 2026-08-22
A9: CAND-0012 | B9: 初步成立 | C9: 714 | D9: 两唐书玄宗纪；《唐两京城坊考》卷一 | E9: 隆庆坊旧邸转为宫苑 | F9: 与扩建阶段合并 | G9: 否 | H9: 2026-08-22
A10: CAND-0013 | B10: 初步成立 | C10: 726扩建、728始听政 | D10: 《旧唐书·玄宗纪》；《唐两京城坊考》卷一 | E10: 兴庆宫成为政治空间 | F10: 与714事件合并并补考古 | G10: 否 | H10: 2026-08-22
A11: CAND-0025 | B11: 核心节点初步成立 | C11: 定为845 | D11: 两唐书武宗纪；《唐两京城坊考》卷三 | E11: 长安寺院和僧尼空间重组 | F11: 补《资治通鉴》与具体数量 | G11: 否 | H11: 2026-08-22
A12: CAND-0026 | B12: 成立并通过，单列 | C12: 797年（贞元十三年六月）；辛巳为引水工程节点 | D12: 《旧唐书·德宗纪》；《唐两京城坊考》卷四“龙首渠” | E12: 既有龙首渠由通化门方向分支延伸至太清宫前 | F12: 太清宫稳定实体编号待宗教空间专题查重 | G12: 是，已录入 TC-TIMELINE-0026 | H12: 46257
A13: CAND-0002 | B13: 成立并通过，单列 | C13: 开皇初至三年；龙首渠、永安渠583，清明渠仅定开皇初 | D13: 《唐两京城坊考》卷四三渠专条；考古研究用于年代边界复核 | E13: 形成坊市、皇城、宫城与苑囿的主要供水骨架 | F13: 清明渠稳定实体编号待水渠专题统一 | G13: 是，已录入 TC-TIMELINE-0027 | H13: 46257

Sheet 正式事件映射
A1: 29条已审核正式事件的阶段与主题映射
A3: timeline_key | B3: ce_year | C3: date_display | D3: event_name | E3: stage_code | F3: event_type | G3: coverage_theme_codes | H3: review_status | I3: chunk_keys | J3: evidence_count | K3: source_key | L3: mapping_note
A4: TC-TIMELINE-0001 | B4: 582 | C4: 582—583年（开皇二年至三年） | D4: 营建大兴城并迁入新都 | E4: S1 | F4: CITY_FOUNDING | G4: T1;T2;T3;T4;T5;T6 | H4: 通过 | I4: TC-CHUNK-2112;TC-CHUNK-2184;TC-CHUNK-2185;TC-CHUNK-2186 | J4: =IF(I4="","",LEN(I4)-LEN(SUBSTITUTE(I4,";",""))+1) -> 4 | K4: TC-REF-0206 | L4: 主题映射依据事件摘要、历史意义、居民影响及空间实体综合判定；不等同event_type。
A5: TC-TIMELINE-0015 | B5: 584 | C5: 584年（开皇四年六月） | D5: 开凿广通渠改善大兴城漕运 | E5: S1 | F5: TRANSPORT | G5: T4;T5;T6;T8 | H5: 通过 | I5: TC-CHUNK-2214 | J5: =IF(I5="","",LEN(I5)-LEN(SUBSTITUTE(I5,";",""))+1) -> 1 | K5: TC-REF-0203 | L5: 主题映射依据事件摘要、历史意义、居民影响及空间实体综合判定；不等同event_type。
A6: TC-TIMELINE-0002 | B6: 617 | C6: 617—618年（义宁元年至武德元年） | D6: 李渊攻占长安并建立唐朝 | E6: S2 | F6: CITY_FOUNDING | G6: T1;T3;T9 | H6: 通过 | I6: TC-CHUNK-2113;TC-CHUNK-2172;TC-CHUNK-2189;TC-CHUNK-2190;TC-CHUNK-2191 | J6: =IF(I6="","",LEN(I6)-LEN(SUBSTITUTE(I6,";",""))+1) -> 5 | K6: TC-REF-0204 | L6: 主题映射依据事件摘要、历史意义、居民影响及空间实体综合判定；不等同event_type。
A7: TC-TIMELINE-0003 | B7: 626 | C7: 626年（武德九年六月初四） | D7: 玄武门之变 | E7: S3 | F7: POLITICAL_CHANGE | G7: T3;T4 | H7: 通过 | I7: TC-CHUNK-2114;TC-CHUNK-2173;TC-CHUNK-2192;TC-CHUNK-2193 | J7: =IF(I7="","",LEN(I7)-LEN(SUBSTITUTE(I7,";",""))+1) -> 4 | K7: TC-REF-0204 | L7: 主题映射依据事件摘要、历史意义、居民影响及空间实体综合判定；不等同event_type。
A8: TC-TIMELINE-0011 | B8: 648 | C8: 648—652年（贞观二十二年至永徽三年） | D8: 大慈恩寺建立与大雁塔初建 | E8: S3 | F8: URBAN_CONSTRUCTION | G8: T2;T7;T8 | H8: 通过 | I8: TC-CHUNK-2204;TC-CHUNK-2205 | J8: =IF(I8="","",LEN(I8)-LEN(SUBSTITUTE(I8,";",""))+1) -> 2 | K8: TC-REF-0204 | L8: 主题映射依据事件摘要、历史意义、居民影响及空间实体综合判定；不等同event_type。
A9: TC-TIMELINE-0012 | B9: 662 | C9: 662年以后（龙朔二年以后） | D9: 扩建大明宫并形成新的政治中心 | E9: S3 | F9: URBAN_CONSTRUCTION | G9: T1;T2;T3;T4 | H9: 通过 | I9: TC-CHUNK-2206;TC-CHUNK-2207 | J9: =IF(I9="","",LEN(I9)-LEN(SUBSTITUTE(I9,";",""))+1) -> 2 | K9: TC-REF-0204 | L9: 主题映射依据事件摘要、历史意义、居民影响及空间实体综合判定；不等同event_type。
A10: TC-TIMELINE-0004 | B10: 690 | C10: 690年（天授元年九月初九） | D10: 武则天改唐为周 | E10: S3 | F10: CAPITAL_STATUS | G10: T1;T3 | H10: 通过 | I10: TC-CHUNK-2115;TC-CHUNK-2174;TC-CHUNK-2194;TC-CHUNK-2195 | J10: =IF(I10="","",LEN(I10)-LEN(SUBSTITUTE(I10,";",""))+1) -> 4 | K10: TC-REF-0204 | L10: 主题映射依据事件摘要、历史意义、居民影响及空间实体综合判定；不等同event_type。
A11: TC-TIMELINE-0016 | B11: 705 | C11: 705—706年（神龙元年至二年） | D11: 中宗复唐并返回长安 | E11: S3 | F11: CAPITAL_STATUS | G11: T1;T3 | H11: 通过 | I11: TC-CHUNK-2215;TC-CHUNK-2216;TC-CHUNK-2217 | J11: =IF(I11="","",LEN(I11)-LEN(SUBSTITUTE(I11,";",""))+1) -> 3 | K11: TC-REF-0204 | L11: 主题映射依据事件摘要、历史意义、居民影响及空间实体综合判定；不等同event_type。
A12: TC-TIMELINE-0013 | B12: 714 | C12: 714—728年（开元二年至十六年） | D12: 兴庆宫建立、扩建并开始听政 | E12: S4 | F12: URBAN_CONSTRUCTION | G12: T1;T2;T3;T4;T8 | H12: 通过 | I12: TC-CHUNK-2208;TC-CHUNK-2209;TC-CHUNK-2210 | J12: =IF(I12="","",LEN(I12)-LEN(SUBSTITUTE(I12,";",""))+1) -> 3 | K12: TC-REF-0204 | L12: 主题映射依据事件摘要、历史意义、居民影响及空间实体综合判定；不等同event_type。
A13: TC-TIMELINE-0021 | B13: 733 | C13: 733年（开元二十一年） | D13: 关中久雨致京师饥，太仓赈粮并推动漕运改革 | E13: S4 | F13: DISASTER | G13: T4;T5;T6;T8;T9 | H13: 通过 | I13: TC-CHUNK-2230;TC-CHUNK-2231;TC-CHUNK-2232 | J13: =IF(I13="","",LEN(I13)-LEN(SUBSTITUTE(I13,";",""))+1) -> 3 | K13: TC-REF-0203 | L13: 主题映射依据事件摘要、历史意义、居民影响及空间实体综合判定；不等同event_type。
A14: TC-TIMELINE-0005 | B14: 756 | C14: 756年（天宝十五载／至德元载） | D14: 安史之乱中长安陷落 | E14: S5 | F14: WAR | G14: T1;T3;T4;T6;T8;T9;T10 | H14: 通过 | I14: TC-CHUNK-2116;TC-CHUNK-2175;TC-CHUNK-2181;TC-CHUNK-2187;TC-CHUNK-2188 | J14: =IF(I14="","",LEN(I14)-LEN(SUBSTITUTE(I14,";",""))+1) -> 5 | K14: TC-REF-0203 | L14: 主题映射依据事件摘要、历史意义、居民影响及空间实体综合判定；不等同event_type。
A15: TC-TIMELINE-0017 | B15: 757 | C15: 757年（至德二载九月至十月） | D15: 唐军收复长安并恢复朝廷驻京 | E15: S5 | F15: WAR | G15: T1;T3;T4;T8;T9 | H15: 通过 | I15: TC-CHUNK-2218;TC-CHUNK-2219;TC-CHUNK-2220 | J15: =IF(I15="","",LEN(I15)-LEN(SUBSTITUTE(I15,";",""))+1) -> 3 | K15: TC-REF-0204 | L15: 主题映射依据事件摘要、历史意义、居民影响及空间实体综合判定；不等同event_type。
... A28: TC-TIMELINE-0010 | B28: 907 | C28: 907年（天祐四年／开平元年） | D28: 唐朝灭亡 | E28: S8 | F28: POLITICAL_CHANGE | G28: T1;T10 | H28: 通过 | I28: TC-CHUNK-2121;TC-CHUNK-2180;TC-CHUNK-2183;TC-CHUNK-2203 | J28: =IF(I28="","",LEN(I28)-LEN(SUBSTITUTE(I28,";",""))+1) -> 4 | K28: TC-REF-0204 | L28: 主题映射依据事件摘要、历史意义、居民影响及空间实体综合判定；不等同event_type。
A29: TC-TIMELINE-0026 | B29: 797 | C29: 797年（贞元十三年六月） | D29: 分引龙首渠水至太清宫前 | E29: S6 | F29: URBAN_CONSTRUCTION | G29: T3;T5;T8 | H29: 通过 | I29: TC-CHUNK-2245;TC-CHUNK-2246 | J29: 2 | K29: TC-REF-0204 | L29: 两源互证；按既有龙首渠分支延伸理解，不作初开渠。主题映射依据事件摘要、历史意义、居民影响及空间实体综合判定。
A30: TC-TIMELINE-0027 | B30: 583 | C30: 开皇初至三年（约582—583年） | D30: 开凿龙首渠、永安渠并形成都城主要引水系统 | E30: S1 | F30: URBAN_CONSTRUCTION | G30: T2;T5;T8 | H30: 通过 | I30: TC-CHUNK-2247;TC-CHUNK-2248;TC-CHUNK-2249 | J30: 3 | K30: TC-REF-0001 | L30: 三渠年代分层处理；基础设施节点与建城事件并行单列。
A31: TC-TIMELINE-0028 | B31: 656 | C31: 656年（显庆元年） | D31: 建立西明寺 | E31: S3 | F31: URBAN_CONSTRUCTION | G31: T2;T7;T8 | H31: 通过 | I31: TC-CHUNK-2250 | J31: 1 | K31: TC-REF-0001 | L31: 国家寺院节点，补充宗教空间类型。
A32: TC-TIMELINE-0029 | B32: 763 | C32: 763年（广德元年十月） | D32: 吐蕃撤离后郭子仪入长安恢复秩序 | E32: S5 | F32: WAR | G32: T1;T3;T8;T9 | H32: 通过 | I32: TC-CHUNK-2251 | J32: 1 | K32: TC-REF-0204 | L32: 与吐蕃占领构成失守—收复闭环。

Sheet 正式覆盖矩阵
A1: 29条正式事件：历史阶段 × 主题覆盖矩阵
A3: 阶段 | B3: 都城地位 | C3: 城市规划与营建 | D3: 宫城与政治空间 | E3: 道路城门与交通 | F3: 水利与供给 | G3: 坊市与商业 | H3: 宗教空间 | I3: 居民生活与社会制度 | J3: 战争灾害与城市安全 | K3: 衰落、破坏与人口迁移 | L3: 阶段事件数
A4: S1 隋初建城（581—604） | B4: =SUMPRODUCT(--(正式事件映射!$E$4:$E$32="S1"),--ISNUMBER(SEARCH(";T1;",";"&正式事件映射!$G$4:$G$32&";"))) -> 1 | C4: =SUMPRODUCT(--(正式事件映射!$E$4:$E$32="S1"),--ISNUMBER(SEARCH(";T2;",";"&正式事件映射!$G$4:$G$32&";"))) -> 2 | D4: =SUMPRODUCT(--(正式事件映射!$E$4:$E$32="S1"),--ISNUMBER(SEARCH(";T3;",";"&正式事件映射!$G$4:$G$32&";"))) -> 1 | E4: =SUMPRODUCT(--(正式事件映射!$E$4:$E$32="S1"),--ISNUMBER(SEARCH(";T4;",";"&正式事件映射!$G$4:$G$32&";"))) -> 2 | F4: =SUMPRODUCT(--(正式事件映射!$E$4:$E$32="S1"),--ISNUMBER(SEARCH(";T5;",";"&正式事件映射!$G$4:$G$32&";"))) -> 3 | G4: =SUMPRODUCT(--(正式事件映射!$E$4:$E$32="S1"),--ISNUMBER(SEARCH(";T6;",";"&正式事件映射!$G$4:$G$32&";"))) -> 2 | H4: =SUMPRODUCT(--(正式事件映射!$E$4:$E$32="S1"),--ISNUMBER(SEARCH(";T7;",";"&正式事件映射!$G$4:$G$32&";"))) -> 0 | I4: =SUMPRODUCT(--(正式事件映射!$E$4:$E$32="S1"),--ISNUMBER(SEARCH(";T8;",";"&正式事件映射!$G$4:$G$32&";"))) -> 2 | J4: =SUMPRODUCT(--(正式事件映射!$E$4:$E$32="S1"),--ISNUMBER(SEARCH(";T9;",";"&正式事件映射!$G$4:$G$32&";"))) -> 0 | K4: =SUMPRODUCT(--(正式事件映射!$E$4:$E$32="S1"),--ISNUMBER(SEARCH(";T10;",";"&正式事件映射!$G$4:$G$32&";"))) -> 0 | L4: =COUNTIF(正式事件映射!$E$4:$E$32,"S1") -> 3
A5: S2 隋炀帝及隋末（605—617） | B5: =SUMPRODUCT(--(正式事件映射!$E$4:$E$32="S2"),--ISNUMBER(SEARCH(";T1;",";"&正式事件映射!$G$4:$G$32&";"))) -> 1 | C5: =SUMPRODUCT(--(正式事件映射!$E$4:$E$32="S2"),--ISNUMBER(SEARCH(";T2;",";"&正式事件映射!$G$4:$G$32&";"))) -> 0 | D5: =SUMPRODUCT(--(正式事件映射!$E$4:$E$32="S2"),--ISNUMBER(SEARCH(";T3;",";"&正式事件映射!$G$4:$G$32&";"))) -> 1 | E5: =SUMPRODUCT(--(正式事件映射!$E$4:$E$32="S2"),--ISNUMBER(SEARCH(";T4;",";"&正式事件映射!$G$4:$G$32&";"))) -> 0 | F5: =SUMPRODUCT(--(正式事件映射!$E$4:$E$32="S2"),--ISNUMBER(SEARCH(";T5;",";"&正式事件映射!$G$4:$G$32&";"))) -> 0 | G5: =SUMPRODUCT(--(正式事件映射!$E$4:$E$32="S2"),--ISNUMBER(SEARCH(";T6;",";"&正式事件映射!$G$4:$G$32&";"))) -> 0 | H5: =SUMPRODUCT(--(正式事件映射!$E$4:$E$32="S2"),--ISNUMBER(SEARCH(";T7;",";"&正式事件映射!$G$4:$G$32&";"))) -> 0 | I5: =SUMPRODUCT(--(正式事件映射!$E$4:$E$32="S2"),--ISNUMBER(SEARCH(";T8;",";"&正式事件映射!$G$4:$G$32&";"))) -> 0 | J5: =SUMPRODUCT(--(正式事件映射!$E$4:$E$32="S2"),--ISNUMBER(SEARCH(";T9;",";"&正式事件映射!$G$4:$G$32&";"))) -> 1 | K5: =SUMPRODUCT(--(正式事件映射!$E$4:$E$32="S2"),--ISNUMBER(SEARCH(";T10;",";"&正式事件映射!$G$4:$G$32&";"))) -> 0 | L5: =COUNTIF(正式事件映射!$E$4:$E$32,"S2") -> 1
A6: S3 初唐（618—712） | B6: =SUMPRODUCT(--(正式事件映射!$E$4:$E$32="S3"),--ISNUMBER(SEARCH(";T1;",";"&正式事件映射!$G$4:$G$32&";"))) -> 3 | C6: =SUMPRODUCT(--(正式事件映射!$E$4:$E$32="S3"),--ISNUMBER(SEARCH(";T2;",";"&正式事件映射!$G$4:$G$32&";"))) -> 3 | D6: =SUMPRODUCT(--(正式事件映射!$E$4:$E$32="S3"),--ISNUMBER(SEARCH(";T3;",";"&正式事件映射!$G$4:$G$32&";"))) -> 4 | E6: =SUMPRODUCT(--(正式事件映射!$E$4:$E$32="S3"),--ISNUMBER(SEARCH(";T4;",";"&正式事件映射!$G$4:$G$32&";"))) -> 2 | F6: =SUMPRODUCT(--(正式事件映射!$E$4:$E$32="S3"),--ISNUMBER(SEARCH(";T5;",";"&正式事件映射!$G$4:$G$32&";"))) -> 0 | G6: =SUMPRODUCT(--(正式事件映射!$E$4:$E$32="S3"),--ISNUMBER(SEARCH(";T6;",";"&正式事件映射!$G$4:$G$32&";"))) -> 0 | H6: =SUMPRODUCT(--(正式事件映射!$E$4:$E$32="S3"),--ISNUMBER(SEARCH(";T7;",";"&正式事件映射!$G$4:$G$32&";"))) -> 2 | I6: =SUMPRODUCT(--(正式事件映射!$E$4:$E$32="S3"),--ISNUMBER(SEARCH(";T8;",";"&正式事件映射!$G$4:$G$32&";"))) -> 2 | J6: =SUMPRODUCT(--(正式事件映射!$E$4:$E$32="S3"),--ISNUMBER(SEARCH(";T9;",";"&正式事件映射!$G$4:$G$32&";"))) -> 0 | K6: =SUMPRODUCT(--(正式事件映射!$E$4:$E$32="S3"),--ISNUMBER(SEARCH(";T10;",";"&正式事件映射!$G$4:$G$32&";"))) -> 0 | L6: =COUNTIF(正式事件映射!$E$4:$E$32,"S3") -> 6
A7: S4 盛唐（713—755） | B7: =SUMPRODUCT(--(正式事件映射!$E$4:$E$32="S4"),--ISNUMBER(SEARCH(";T1;",";"&正式事件映射!$G$4:$G$32&";"))) -> 1 | C7: =SUMPRODUCT(--(正式事件映射!$E$4:$E$32="S4"),--ISNUMBER(SEARCH(";T2;",";"&正式事件映射!$G$4:$G$32&";"))) -> 1 | D7: =SUMPRODUCT(--(正式事件映射!$E$4:$E$32="S4"),--ISNUMBER(SEARCH(";T3;",";"&正式事件映射!$G$4:$G$32&";"))) -> 1 | E7: =SUMPRODUCT(--(正式事件映射!$E$4:$E$32="S4"),--ISNUMBER(SEARCH(";T4;",";"&正式事件映射!$G$4:$G$32&";"))) -> 2 | F7: =SUMPRODUCT(--(正式事件映射!$E$4:$E$32="S4"),--ISNUMBER(SEARCH(";T5;",";"&正式事件映射!$G$4:$G$32&";"))) -> 1 | G7: =SUMPRODUCT(--(正式事件映射!$E$4:$E$32="S4"),--ISNUMBER(SEARCH(";T6;",";"&正式事件映射!$G$4:$G$32&";"))) -> 1 | H7: =SUMPRODUCT(--(正式事件映射!$E$4:$E$32="S4"),--ISNUMBER(SEARCH(";T7;",";"&正式事件映射!$G$4:$G$32&";"))) -> 0 | I7: =SUMPRODUCT(--(正式事件映射!$E$4:$E$32="S4"),--ISNUMBER(SEARCH(";T8;",";"&正式事件映射!$G$4:$G$32&";"))) -> 2 | J7: =SUMPRODUCT(--(正式事件映射!$E$4:$E$32="S4"),--ISNUMBER(SEARCH(";T9;",";"&正式事件映射!$G$4:$G$32&";"))) -> 1 | K7: =SUMPRODUCT(--(正式事件映射!$E$4:$E$32="S4"),--ISNUMBER(SEARCH(";T10;",";"&正式事件映射!$G$4:$G$32&";"))) -> 0 | L7: =COUNTIF(正式事件映射!$E$4:$E$32,"S4") -> 2
A8: S5 安史之乱及恢复（756—779） | B8: =SUMPRODUCT(--(正式事件映射!$E$4:$E$32="S5"),--ISNUMBER(SEARCH(";T1;",";"&正式事件映射!$G$4:$G$32&";"))) -> 4 | C8: =SUMPRODUCT(--(正式事件映射!$E$4:$E$32="S5"),--ISNUMBER(SEARCH(";T2;",";"&正式事件映射!$G$4:$G$32&";"))) -> 0 | D8: =SUMPRODUCT(--(正式事件映射!$E$4:$E$32="S5"),--ISNUMBER(SEARCH(";T3;",";"&正式事件映射!$G$4:$G$32&";"))) -> 4 | E8: =SUMPRODUCT(--(正式事件映射!$E$4:$E$32="S5"),--ISNUMBER(SEARCH(";T4;",";"&正式事件映射!$G$4:$G$32&";"))) -> 2 | F8: =SUMPRODUCT(--(正式事件映射!$E$4:$E$32="S5"),--ISNUMBER(SEARCH(";T5;",";"&正式事件映射!$G$4:$G$32&";"))) -> 0 | G8: =SUMPRODUCT(--(正式事件映射!$E$4:$E$32="S5"),--ISNUMBER(SEARCH(";T6;",";"&正式事件映射!$G$4:$G$32&";"))) -> 2 | H8: =SUMPRODUCT(--(正式事件映射!$E$4:$E$32="S5"),--ISNUMBER(SEARCH(";T7;",";"&正式事件映射!$G$4:$G$32&";"))) -> 0 | I8: =SUMPRODUCT(--(正式事件映射!$E$4:$E$32="S5"),--ISNUMBER(SEARCH(";T8;",";"&正式事件映射!$G$4:$G$32&";"))) -> 4 | J8: =SUMPRODUCT(--(正式事件映射!$E$4:$E$32="S5"),--ISNUMBER(SEARCH(";T9;",";"&正式事件映射!$G$4:$G$32&";"))) -> 4 | K8: =SUMPRODUCT(--(正式事件映射!$E$4:$E$32="S5"),--ISNUMBER(SEARCH(";T10;",";"&正式事件映射!$G$4:$G$32&";"))) -> 2 | L8: =COUNTIF(正式事件映射!$E$4:$E$32,"S5") -> 4
A9: S6 中唐（780—835） | B9: =SUMPRODUCT(--(正式事件映射!$E$4:$E$32="S6"),--ISNUMBER(SEARCH(";T1;",";"&正式事件映射!$G$4:$G$32&";"))) -> 2 | C9: =SUMPRODUCT(--(正式事件映射!$E$4:$E$32="S6"),--ISNUMBER(SEARCH(";T2;",";"&正式事件映射!$G$4:$G$32&";"))) -> 0 | D9: =SUMPRODUCT(--(正式事件映射!$E$4:$E$32="S6"),--ISNUMBER(SEARCH(";T3;",";"&正式事件映射!$G$4:$G$32&";"))) -> 4 | E9: =SUMPRODUCT(--(正式事件映射!$E$4:$E$32="S6"),--ISNUMBER(SEARCH(";T4;",";"&正式事件映射!$G$4:$G$32&";"))) -> 3 | F9: =SUMPRODUCT(--(正式事件映射!$E$4:$E$32="S6"),--ISNUMBER(SEARCH(";T5;",";"&正式事件映射!$G$4:$G$32&";"))) -> 1 | G9: =SUMPRODUCT(--(正式事件映射!$E$4:$E$32="S6"),--ISNUMBER(SEARCH(";T6;",";"&正式事件映射!$G$4:$G$32&";"))) -> 0 | H9: =SUMPRODUCT(--(正式事件映射!$E$4:$E$32="S6"),--ISNUMBER(SEARCH(";T7;",";"&正式事件映射!$G$4:$G$32&";"))) -> 0 | I9: =SUMPRODUCT(--(正式事件映射!$E$4:$E$32="S6"),--ISNUMBER(SEARCH(";T8;",";"&正式事件映射!$G$4:$G$32&";"))) -> 4 | J9: =SUMPRODUCT(--(正式事件映射!$E$4:$E$32="S6"),--ISNUMBER(SEARCH(";T9;",";"&正式事件映射!$G$4:$G$32&";"))) -> 3 | K9: =SUMPRODUCT(--(正式事件映射!$E$4:$E$32="S6"),--ISNUMBER(SEARCH(";T10;",";"&正式事件映射!$G$4:$G$32&";"))) -> 0 | L9: =COUNTIF(正式事件映射!$E$4:$E$32,"S6") -> 4
A10: S7 晚唐（836—879） | B10: =SUMPRODUCT(--(正式事件映射!$E$4:$E$32="S7"),--ISNUMBER(SEARCH(";T1;",";"&正式事件映射!$G$4:$G$32&";"))) -> 0 | C10: =SUMPRODUCT(--(正式事件映射!$E$4:$E$32="S7"),--ISNUMBER(SEARCH(";T2;",";"&正式事件映射!$G$4:$G$32&";"))) -> 1 | D10: =SUMPRODUCT(--(正式事件映射!$E$4:$E$32="S7"),--ISNUMBER(SEARCH(";T3;",";"&正式事件映射!$G$4:$G$32&";"))) -> 0 | E10: =SUMPRODUCT(--(正式事件映射!$E$4:$E$32="S7"),--ISNUMBER(SEARCH(";T4;",";"&正式事件映射!$G$4:$G$32&";"))) -> 0 | F10: =SUMPRODUCT(--(正式事件映射!$E$4:$E$32="S7"),--ISNUMBER(SEARCH(";T5;",";"&正式事件映射!$G$4:$G$32&";"))) -> 0 | G10: =SUMPRODUCT(--(正式事件映射!$E$4:$E$32="S7"),--ISNUMBER(SEARCH(";T6;",";"&正式事件映射!$G$4:$G$32&";"))) -> 0 | H10: =SUMPRODUCT(--(正式事件映射!$E$4:$E$32="S7"),--ISNUMBER(SEARCH(";T7;",";"&正式事件映射!$G$4:$G$32&";"))) -> 1 | I10: =SUMPRODUCT(--(正式事件映射!$E$4:$E$32="S7"),--ISNUMBER(SEARCH(";T8;",";"&正式事件映射!$G$4:$G$32&";"))) -> 1 | J10: =SUMPRODUCT(--(正式事件映射!$E$4:$E$32="S7"),--ISNUMBER(SEARCH(";T9;",";"&正式事件映射!$G$4:$G$32&";"))) -> 0 | K10: =SUMPRODUCT(--(正式事件映射!$E$4:$E$32="S7"),--ISNUMBER(SEARCH(";T10;",";"&正式事件映射!$G$4:$G$32&";"))) -> 1 | L10: =COUNTIF(正式事件映射!$E$4:$E$32,"S7") -> 1
A11: S8 唐末与都城终结（880—907） | B11: =SUMPRODUCT(--(正式事件映射!$E$4:$E$32="S8"),--ISNUMBER(SEARCH(";T1;",";"&正式事件映射!$G$4:$G$32&";"))) -> 8 | C11: =SUMPRODUCT(--(正式事件映射!$E$4:$E$32="S8"),--ISNUMBER(SEARCH(";T2;",";"&正式事件映射!$G$4:$G$32&";"))) -> 1 | D11: =SUMPRODUCT(--(正式事件映射!$E$4:$E$32="S8"),--ISNUMBER(SEARCH(";T3;",";"&正式事件映射!$G$4:$G$32&";"))) -> 7 | E11: =SUMPRODUCT(--(正式事件映射!$E$4:$E$32="S8"),--ISNUMBER(SEARCH(";T4;",";"&正式事件映射!$G$4:$G$32&";"))) -> 5 | F11: =SUMPRODUCT(--(正式事件映射!$E$4:$E$32="S8"),--ISNUMBER(SEARCH(";T5;",";"&正式事件映射!$G$4:$G$32&";"))) -> 0 | G11: =SUMPRODUCT(--(正式事件映射!$E$4:$E$32="S8"),--ISNUMBER(SEARCH(";T6;",";"&正式事件映射!$G$4:$G$32&";"))) -> 3 | H11: =SUMPRODUCT(--(正式事件映射!$E$4:$E$32="S8"),--ISNUMBER(SEARCH(";T7;",";"&正式事件映射!$G$4:$G$32&";"))) -> 0 | I11: =SUMPRODUCT(--(正式事件映射!$E$4:$E$32="S8"),--ISNUMBER(SEARCH(";T8;",";"&正式事件映射!$G$4:$G$32&";"))) -> 7 | J11: =SUMPRODUCT(--(正式事件映射!$E$4:$E$32="S8"),--ISNUMBER(SEARCH(";T9;",";"&正式事件映射!$G$4:$G$32&";"))) -> 6 | K11: =SUMPRODUCT(--(正式事件映射!$E$4:$E$32="S8"),--ISNUMBER(SEARCH(";T10;",";"&正式事件映射!$G$4:$G$32&";"))) -> 7 | L11: =COUNTIF(正式事件映射!$E$4:$E$32,"S8") -> 8
A12: 主题事件数 | B12: =SUMPRODUCT(--ISNUMBER(SEARCH(";T1;",";"&正式事件映射!$G$4:$G$32&";"))) -> 20 | C12: =SUMPRODUCT(--ISNUMBER(SEARCH(";T2;",";"&正式事件映射!$G$4:$G$32&";"))) -> 8 | D12: =SUMPRODUCT(--ISNUMBER(SEARCH(";T3;",";"&正式事件映射!$G$4:$G$32&";"))) -> 22 | E12: =SUMPRODUCT(--ISNUMBER(SEARCH(";T4;",";"&正式事件映射!$G$4:$G$32&";"))) -> 16 | F12: =SUMPRODUCT(--ISNUMBER(SEARCH(";T5;",";"&正式事件映射!$G$4:$G$32&";"))) -> 5 | G12: =SUMPRODUCT(--ISNUMBER(SEARCH(";T6;",";"&正式事件映射!$G$4:$G$32&";"))) -> 8 | H12: =SUMPRODUCT(--ISNUMBER(SEARCH(";T7;",";"&正式事件映射!$G$4:$G$32&";"))) -> 3 | I12: =SUMPRODUCT(--ISNUMBER(SEARCH(";T8;",";"&正式事件映射!$G$4:$G$32&";"))) -> 22 | J12: =SUMPRODUCT(--ISNUMBER(SEARCH(";T9;",";"&正式事件映射!$G$4:$G$32&";"))) -> 15 | K12: =SUMPRODUCT(--ISNUMBER(SEARCH(";T10;",";"&正式事件映射!$G$4:$G$32&";"))) -> 10 | L12: =COUNTA(正式事件映射!$A$4:$A$32) -> 29
A14: 判读等级 | B14: 条件 | C14: 含义 | D14: 下一步
A15: 空白 | B15: 0 | C15: 该阶段主题无正式事件 | D15: 优先专题检索
A16: 低覆盖 | B16: 1 | C16: 仅有一个代表节点 | D16: 检查遗漏或过度合并
A17: 基本覆盖 | B17: 2—4 | C17: 已有代表节点 | D17: 优先提升证据质量
A18: 高度集中 | B18: ≥5 | C18: 可能过密或偏科 | D18: 检查是否被战争事件垄断
A19: 注意 | B19: 一事件可多主题 | C19: 主题总数不等于事件数 | D19: 以正式事件映射为准

Sheet 专题优先级
A1: 下一批专题核证优先级（由26条正式事件覆盖反推）
A3: priority | B3: theme_code | C3: theme_name | D3: formal_count | E3: coverage_problem | F3: target_new_events | G3: recommended_focus | H3: source_strategy | I3: stop_rule
A4: 1 | B4: T5 | C4: 水利与供给 | D4: 4 | E4: 已有隋初建城与733年漕运节点，并新增797年城内引水支线；仍需完成583年都城引水系统的单列/合并判断 | F4: 2—3 | G4: 583年龙首渠、永安渠及清明渠：补证后决定与建城事件合并或单列 | H4: 《唐会要》《旧唐书》《长安志》＋水利考古 | I4: 找到2个多源互证且可空间定位的节点即停
A5: 2 | B5: T7 | C5: 宗教空间 | D5: =COUNTIF(正式事件映射!$G$4:$G$28,"*T7*") -> 2 | E5: 仅慈恩寺/大雁塔与会昌毁佛，缺道教、国家寺院和外来宗教的代表节点 | F5: 1—2 | G5: 西明寺与国家寺院；一个有明确年份的外来宗教/道教空间节点 | H5: 两唐书、佛教史料、碑铭、寺院考古 | I5: 不以单纯“著名”收录，必须有城市空间或居民影响
A6: 3 | B6: T6 | C6: 坊市与商业 | D6: =COUNTIF(正式事件映射!$G$4:$G$28,"*T6*") -> 8 | E6: 数量看似不低，但多由战争中的市里破坏贡献，正常商业运行节点不足 | F6: 1—2 | G6: 东西市管理、粮价/仓储、具体商业政策或设施；拒绝模糊“繁荣”叙述 | H6: 《唐六典》《唐会要》《两京新记》《唐两京城坊考》＋商业史 | I6: 仅收具体年份、制度变化和明确长安影响
A7: 4 | B7: T8 | C7: 居民生活与社会制度 | D7: =COUNTIF(正式事件映射!$G$4:$G$28,"*T8*") -> 18 | E7: 覆盖高但战乱、逃难和伤亡占比过大，日常治理和生活机制偏弱 | F7: 1—2 | G7: 六街治安、夜禁实际执行、城市救济或公共服务的可核节点 | H7: 《唐会要》《唐六典》《全唐文》＋生活史研究 | I7: 不使用“取消夜禁”等概括性无证结论
A8: 5 | B8: T4 | C8: 道路城门与交通 | D8: =COUNTIF(正式事件映射!$G$4:$G$28,"*T4*") -> 16 | E8: 数量高但多为军事入城路线，日常交通和对外交流节点不足 | F8: 1 | G8: 驿站、城门管理、夹城或具体使团/交通设施节点 | H8: 两唐书、唐会要、交通考古与丝路研究 | I8: 有明确年份且能关联城门/道路/驿站实体
A11: 次优先事项 | B11: 当前决定 | C11: 原因 | D11: 重启条件 | E11: 建议来源 | F11: 备注
A12: 742—743漕运工程 | B12: 暂缓 | C12: 《旧唐书》/《唐两京城坊考》与《新唐书》年份异文 | D12: 取得权威点校本或工程考古编年 | E12: 中华书局点校本＋水利考古 | F12: 不强定单年
A13: 766年黎干漕渠 | B13: 争议排除 | C13: 《旧唐书》称成，《资治通鉴》《新唐书·黎干传》称未成 | D13: 取得专门研究对史料系统辨析 | E13: 三史权威版＋漕运史 | F13: 不作“工程完成”表述
A14: 876年京师饥 | B14: 证据不足 | C14: 只有《新唐书·五行志》直接短记 | D14: 找到第二个独立史源并证明城市影响 | E14: 《唐会要》《全唐文》、地方志 | F14: 目前由733年节点承担灾荒主题
A15: 583年都城水系 | B15: 高优先待专题核证 | C15: 能填补建城配套与居民供水，但需判断是否与582—583建城事件合并 | D15: 取得渠线、年份及城市影响的多源证据 | E15: 《长安志》《唐两京城坊考》＋考古 | F15: 优先补证，不默认单列
A16: 797年龙首渠工程 | B16: 高优先候选 | C16: 年份明确，可说明中唐水系持续维护 | D16: 已完成 | E16: 两源互证，已录入 TC-TIMELINE-0026 | F16: 已核证并封版 | H16: 《旧唐书·德宗纪》《唐两京城坊考》卷四 | I16: 完成
